City_ID,City,Lat,Lng,Max Temp,Humidity,Cloudiness,Wind Speed,Country,Date
0,longyearbyen,78.2186,15.6401,-4.09,68,40,8.75,SJ,1701888056
1,tir pul,34.5943,61.269,8.14,44,90,0.96,AF,1701888279
2,puerto natales,-51.7236,-72.4875,13.25,44,40,9.26,CL,1701888063
3,port-aux-francais,-49.35,70.2167,5.02,83,100,9.02,TF,1701888054
4,mount gambier,-37.8333,140.7667,9.08,85,100,1.48,AU,1701887936
5,sur,22.5667,59.5289,23.5,45,0,1.93,OM,1701888280
6,lovington,32.944,-103.3485,18.51,33,63,2.68,US,1701888280
7,ilulissat,69.2167,-51.1,-2.99,50,75,3.09,GL,1701887910
8,isafjordur,66.0755,-23.124,-3.98,74,0,1.54,IS,1701888061
9,waitangi,-43.9535,-176.5597,14.34,96,100,2.24,NZ,1701888281
10,ancud,-41.8697,-73.8203,14.72,71,11,4.71,CL,1701888102
11,tiksi,71.6872,128.8694,-23.98,94,100,4.51,RU,1701888281
12,kingston,17.997,-76.7936,32.53,65,20,5.14,JM,1701888281
13,petropavlovsk-kamchatsky,53.0452,158.6483,-9.19,69,0,6.71,RU,1701888281
14,puerto ayora,-0.7393,-90.3518,29.98,91,87,3.13,EC,1701888062
15,nagato,34.3833,131.2,12.71,64,7,10.37,JP,1701888282
16,makurazaki,31.2667,130.3167,15.5,60,9,10.75,JP,1701888282
17,xining,36.6167,101.7667,-1.33,29,0,1.13,CN,1701888282
18,avarua,-21.2078,-159.775,26.03,78,75,8.75,CK,1701888282
19,pascagoula,30.3658,-88.5561,13.51,51,0,4.63,US,1701888282
20,grytviken,-54.2811,-36.5092,0.74,74,56,7.03,GS,1701888056
21,sitka,57.0531,-135.33,5.94,75,100,6.69,US,1701887934
22,ed damer,17.5928,33.9592,26.36,29,69,4.49,SD,1701888283
23,adamstown,-25.066,-130.1015,22.76,80,100,6.23,PN,1701887903
24,chesma,53.8111,60.6533,-21.79,97,10,1.83,RU,1701888283
25,bethel,41.3712,-73.414,4.17,73,100,2.57,US,1701888057
26,westport,41.1415,-73.3579,5.5,63,75,4.12,US,1701888283
27,punta arenas,-53.15,-70.9167,11.06,62,40,13.89,CL,1701888032
28,warragul,-38.1667,145.9333,12.8,86,100,0.62,AU,1701888049
29,wailua homesteads,22.0669,-159.378,24.86,83,40,5.66,US,1701888076
30,kailua-kona,19.6406,-155.9956,26.39,78,40,1.54,US,1701888083
31,mahaddayweyne,2.9726,45.5347,24.67,69,8,5.14,SO,1701888284
32,port mathurin,-19.6833,63.4167,25.83,79,1,4.36,MU,1701887928
33,college,64.8569,-147.8028,-14.96,83,100,0.0,US,1701888072
34,whitehorse,60.7161,-135.0538,-1.57,79,75,6.71,CA,1701888285
35,nagqu,31.5,92.0,-15.8,93,11,1.12,CN,1701888107
36,georgetown,5.4112,100.3354,27.96,92,20,1.54,MY,1701888068
37,marand,38.4329,45.7749,8.63,40,66,3.86,IR,1701888285
38,iskateley,67.6803,53.1512,-17.65,97,100,3.13,RU,1701887919
39,hadibu,12.65,54.0333,24.98,68,100,5.87,YE,1701887922
40,hopkinton,41.4612,-71.7776,5.71,63,75,4.12,US,1701888286
41,blackmans bay,-43.0167,147.3167,11.07,78,100,0.45,AU,1701888057
42,alofi,-19.0595,-169.9187,25.94,89,100,3.09,NU,1701888115
43,remire-montjoly,4.9167,-52.2667,30.02,74,75,6.69,GF,1701888096
44,acapulco de juarez,16.8634,-99.8901,29.9,74,100,0.0,MX,1701887931
45,codrington,-38.2667,141.9667,9.25,87,100,2.87,AU,1701887941
46,ribeira grande,38.5167,-28.7,18.22,88,75,10.8,PT,1701888074
47,touros,-5.1989,-35.4608,28.41,67,4,6.51,BR,1701888116
48,dem'yanovo,60.3511,47.0842,-21.29,96,27,1.36,RU,1701888287
49,xapuri,-10.6517,-68.5044,24.03,94,100,0.9,BR,1701888007
50,papatowai,-46.5619,169.4708,10.56,78,82,8.1,NZ,1701888068
51,achacachi,-16.05,-68.6833,13.18,63,100,4.48,BO,1701888287
52,saint-pierre,-21.3393,55.4781,25.82,61,100,2.06,RE,1701888123
53,tsiombe,-25.3,45.4833,22.89,74,7,5.86,MG,1701888096
54,howard springs,-12.497,131.047,24.95,96,100,1.27,AU,1701888098
55,aylmer,42.7668,-80.983,3.2,67,100,3.58,CA,1701888244
56,dalbandin,28.8947,64.4101,13.81,18,0,2.05,PK,1701888289
57,kawm umbu,24.4767,32.9463,20.28,29,0,4.99,EG,1701888289
58,ushuaia,-54.8,-68.3,10.81,54,0,11.83,AR,1701887912
59,kudahuvadhoo,2.6708,72.8944,27.9,79,100,2.77,MV,1701888289
60,chala,-7.5833,31.2667,16.04,91,100,0.55,TZ,1701888290
61,severo-yeniseyskiy,60.3725,93.0408,-41.35,100,78,1.79,RU,1701888067
62,stanley,54.868,-1.6985,-0.82,94,0,1.54,GB,1701888062
63,san antonio de pale,-1.4014,5.6325,26.9,80,33,4.75,GQ,1701888107
64,wajir,1.7471,40.0573,29.1,42,41,3.78,KE,1701888290
65,port saint john's,-31.6229,29.5448,19.65,88,100,6.59,ZA,1701888109
66,mil'kovo,55.6078,37.7956,-9.92,100,98,0.88,RU,1701888290
67,forster,-32.1667,152.5167,16.88,100,24,0.92,AU,1701888096
68,liman,48.9884,37.8023,-1.58,66,100,6.21,UA,1701888290
69,selfoss,63.9331,-20.9971,-3.16,56,47,5.26,IS,1701888136
70,nuuk,64.1835,-51.7216,6.34,33,100,10.29,GL,1701888119
71,letterkenny,54.95,-7.7333,7.96,90,100,10.14,IE,1701888291
72,jamestown,42.097,-79.2353,0.77,82,100,4.63,US,1701887923
73,albany,42.6001,-73.9662,0.91,85,99,2.68,US,1701887910
74,sendafa,9.15,39.0333,14.64,55,79,0.95,ET,1701888291
75,invercargill,-46.4,168.35,10.03,79,100,8.15,NZ,1701888065
76,chela,34.069,104.4619,-0.95,30,0,1.68,CN,1701888292
77,jinchang,38.4953,102.1739,3.16,18,0,1.31,CN,1701888292
78,yellowknife,62.456,-114.3525,-7.71,100,100,1.54,CA,1701888002
79,palikir - national government center,6.9248,158.1611,25.41,89,100,3.09,FM,1701888292
80,choyr,46.3611,108.3611,-8.85,82,100,1.89,MN,1701888292
81,olonkinbyen,70.9221,-8.7187,-3.69,84,100,4.73,SJ,1701888065
82,kununurra,-15.7667,128.7333,24.99,83,99,2.06,AU,1701887902
83,manali,13.1667,80.2667,28.05,87,12,3.13,IN,1701888293
84,pudozh,61.8099,36.5345,-15.59,99,94,1.34,RU,1701888293
85,novodvinsk,64.4165,40.8122,-21.81,96,25,1.63,RU,1701888293
86,durban,-29.8579,31.0292,19.51,87,100,4.81,ZA,1701888293
87,atafu village,-8.5421,-172.5159,29.01,76,98,4.07,TK,1701888058
88,cidreira,-30.1811,-50.2056,24.88,86,33,3.91,BR,1701888107
89,bredasdorp,-34.5322,20.0403,17.71,86,20,6.57,ZA,1701887922
90,burang,30.25,81.1667,-13.51,54,0,1.81,CN,1701888098
91,canyon,34.9803,-101.9188,19.15,28,23,7.6,US,1701888294
92,bilibino,68.0546,166.4372,-30.94,99,100,1.89,RU,1701888065
93,edinburgh of the seven seas,-37.0676,-12.3116,14.42,75,10,8.46,SH,1701887915
94,viedma,-40.8135,-62.9967,26.4,35,100,7.21,AR,1701888294
95,port elizabeth,-33.918,25.5701,20.61,88,100,9.26,ZA,1701888071
96,ballina,-28.8667,153.5667,20.34,90,13,1.62,AU,1701888106
97,torghay,49.6339,63.4981,-7.97,65,6,4.53,KZ,1701888294
98,leava,-14.3,-178.1667,28.35,67,100,5.17,WF,1701888095
99,polyarnyy,69.1989,33.4478,-15.47,97,92,4.19,RU,1701888295
100,vila franca do campo,37.7167,-25.4333,20.23,99,100,7.7,PT,1701888102
101,abepura,-2.6333,140.5833,22.45,100,40,1.03,ID,1701888295
102,katsuura,35.1333,140.3,14.85,72,100,6.66,JP,1701888075
103,lorengau,-2.0226,147.2712,27.99,82,100,5.02,PG,1701888295
104,badger,64.8,-147.5333,-15.01,85,100,0.0,US,1701888069
105,nova sintra,14.8667,-24.7167,21.77,72,100,6.24,CV,1701888085
106,inda silase,14.1031,38.2829,18.03,41,11,2.75,ET,1701888296
107,puerto armuelles,8.2833,-82.8667,29.99,68,12,1.34,PA,1701888089
108,iqaluit,63.7506,-68.5145,-13.15,78,20,2.57,CA,1701887934
109,batangas,13.7594,121.06,25.59,91,68,2.49,PH,1701888296
110,hithadhoo,-0.6,73.0833,28.17,78,75,5.12,MV,1701888057
111,ceeldheer,3.8488,47.1806,26.33,66,23,8.37,SO,1701888296
112,papao,-17.75,-149.55,24.82,81,100,8.21,PF,1701888297
113,hawaiian paradise park,19.5933,-154.9731,22.24,97,100,2.57,US,1701887941
114,flying fish cove,-10.4217,105.6791,24.82,88,40,3.6,CX,1701888117
115,tripoli,32.8752,13.1875,18.01,42,100,1.06,LY,1701888297
116,cleveland,41.4995,-81.6954,4.57,74,100,6.17,US,1701888297
117,san angelo,31.4638,-100.437,21.17,54,0,3.6,US,1701888238
118,cobija,-11.0267,-68.7692,27.1,83,75,4.12,BO,1701888298
119,barmer,25.75,71.3833,18.93,41,0,4.2,IN,1701888298
120,port alfred,-33.5906,26.891,17.88,92,48,2.24,ZA,1701887913
121,nadym,65.5333,72.5167,-38.97,99,23,3.35,RU,1701888298
122,yuzhno-kurilsk,44.0306,145.8556,7.43,84,100,3.9,RU,1701888298
123,aykhal,66.0,111.5,-25.13,98,100,2.25,RU,1701888063
124,tazacorte,28.629,-17.9293,21.54,95,40,2.57,ES,1701888092
125,kapchorwa,1.3965,34.4509,17.53,68,55,1.67,UG,1701888298
126,lindi,-10.0,39.7167,25.92,91,7,1.0,TZ,1701888299
127,fort st. john,56.2499,-120.8529,1.94,64,20,6.69,CA,1701888299
128,settat,33.0007,-7.6204,15.9,93,59,0.91,MA,1701888299
129,west island,-12.1568,96.8225,26.99,83,75,3.6,CC,1701888059
130,bondowoso,-7.9135,113.8214,23.8,94,96,1.63,ID,1701888299
131,colonia,50.9333,6.95,4.98,87,40,3.09,DE,1701887874
132,lompoc,34.6391,-120.4579,21.68,71,0,4.12,US,1701888060
133,qaqortoq,60.7167,-46.0333,2.82,60,100,6.12,GL,1701887928
134,mount pearl,47.5166,-52.7813,-2.8,81,75,6.69,CA,1701888070
135,la'ie,21.6477,-157.9253,25.06,73,1,4.47,US,1701888116
136,zhalantun,48.0,122.7167,-14.92,69,90,5.92,CN,1701888300
137,nova vicosa,-17.8919,-39.3719,28.15,64,0,5.58,BR,1701888300
138,kapuskasing,49.4169,-82.4331,-6.95,79,100,4.63,CA,1701888300
139,aral,40.5156,81.2636,2.27,35,10,2.14,CN,1701888300
140,arraial do cabo,-22.9661,-42.0278,30.98,65,0,11.32,BR,1701887902
141,aasiaat,68.7098,-52.8699,-6.76,66,99,8.41,GL,1701888068
142,susuman,62.7833,148.1667,-49.45,99,68,0.45,RU,1701888082
143,loch garman,52.3342,-6.4575,9.51,100,100,4.92,IE,1701888301
144,cipo,-11.0997,-38.5136,33.38,32,72,7.16,BR,1701888301
145,sona,45.4388,10.8255,4.41,93,0,1.54,IT,1701888301
146,jumla,29.2747,82.1838,3.92,56,0,2.07,NP,1701888302
147,roxas,11.5853,122.7511,24.52,85,98,4.7,PH,1701888302
148,portage la prairie,49.9728,-98.2926,7.84,58,75,4.63,CA,1701888212
149,mwingi,-0.9344,38.0601,20.0,81,100,0.16,KE,1701888303
150,bikenibeu village,1.3673,173.1241,26.98,94,100,4.63,KI,1701888130
151,talnakh,69.4865,88.3972,-29.89,98,100,4.05,RU,1701888119
152,al jawf,29.5,38.75,18.0,57,5,3.01,SA,1701888304
153,pemangkat,1.1667,108.9667,27.08,80,99,2.68,ID,1701888304
154,chillicothe,39.3331,-82.9824,6.15,66,100,4.92,US,1701888304
155,sovetskiy,61.3614,63.5842,-31.73,95,68,3.13,RU,1701888305
156,selkirk,50.1436,-96.8845,5.6,76,100,2.24,CA,1701887823
157,afaahiti,-17.75,-149.2833,23.93,81,100,8.42,PF,1701888078
158,hamilton,39.1834,-84.5333,6.69,69,20,4.12,US,1701888306
159,nantucket,41.2835,-70.0995,3.08,73,100,9.26,US,1701888044
160,shache,38.4167,77.2406,5.95,35,0,1.01,CN,1701888306
161,arkhangel'sk,64.5401,40.5433,-20.94,76,40,3.0,RU,1701888080
162,lebu,-37.6167,-73.65,16.3,76,3,6.08,CL,1701888072
163,songjiang,31.036,121.2146,8.92,37,0,1.71,CN,1701888301
164,maasmechelen,50.9654,5.6945,4.72,92,9,2.68,BE,1701888307
165,porto novo,6.4965,2.6036,26.9,73,100,3.22,BJ,1701888307
166,hermanus,-34.4187,19.2345,18.93,79,0,5.58,ZA,1701888058
167,zapala,-38.8992,-70.0544,24.9,19,97,3.31,AR,1701888307
168,vadso,70.0744,29.7487,-9.91,85,75,3.6,NO,1701888308
169,uitenhage,-33.7576,25.3971,20.23,83,48,5.95,ZA,1701888308
170,kerikeri,-35.2268,173.9474,15.51,91,17,2.77,NZ,1701888069
171,saudarkrokur,65.7461,-19.6394,-6.04,58,9,3.33,IS,1701888106
172,ishigaki,24.3448,124.1572,19.07,77,100,5.14,JP,1701888309
173,anadyr,64.75,177.4833,-20.56,76,100,13.0,RU,1701888068
174,igarka,67.4667,86.5833,-27.56,89,100,5.29,RU,1701888309
175,bamboo flat,11.7,92.7167,25.05,94,100,1.03,IN,1701888124
176,vesoul,47.5833,5.8333,4.45,91,79,0.92,FR,1701888104
177,qarazhal,48.0078,70.7903,-6.35,62,100,5.26,KZ,1701888310
178,haiku-pauwela,20.9219,-156.3051,26.95,80,40,7.72,US,1701888104
179,okha,53.5739,142.9478,-2.94,97,100,3.71,RU,1701888310
180,utrik,11.2278,169.8474,27.19,77,92,10.52,MH,1701888127
181,tarinkot,32.6268,65.8733,8.73,30,0,0.64,AF,1701888312
182,sault ste. marie,46.5168,-84.3333,-1.69,80,100,2.06,CA,1701888269
183,chui,-33.6971,-53.4616,19.45,96,100,4.53,UY,1701888112
184,fort bragg,35.139,-79.006,12.03,56,75,7.2,US,1701888067
185,dunedin,-45.8742,170.5036,15.45,44,92,3.58,NZ,1701887879
186,chegdomyn,51.1167,133.0167,-10.37,95,100,2.4,RU,1701888109
187,richards bay,-28.783,32.0377,20.22,84,100,1.89,ZA,1701888068
188,ichinoseki,38.9167,141.1333,5.95,92,100,0.61,JP,1701888313
189,puerto santa,-8.9906,-78.6456,21.88,77,100,5.37,PE,1701888128
190,ugoofaaru,5.6667,73.0,28.15,76,100,2.53,MV,1701888313
191,santa ana,33.7456,-117.8678,25.04,50,20,2.57,US,1701888172
192,salalah,17.0151,54.0924,25.05,61,0,2.06,OM,1701888314
193,alaghsas,17.0187,8.0168,25.94,11,0,4.12,NE,1701888314
194,udachny,66.4167,112.4,-24.92,99,100,1.48,RU,1701888075
195,zakopane,49.299,19.9489,-1.04,98,100,0.63,PL,1701888315
196,krasnoslobodsk,48.7072,44.5714,-3.1,80,0,10.0,RU,1701888072
197,sao joao da barra,-21.6403,-41.0511,30.05,81,0,7.26,BR,1701887955
198,port lincoln,-34.7333,135.8667,16.3,75,100,5.83,AU,1701888059
199,lagdo,9.05,13.7333,28.78,15,32,1.94,CM,1701888315
200,ixtapa,20.7,-105.2,28.57,61,75,0.0,MX,1701888073
201,lihue,21.9789,-159.3672,25.2,77,40,5.66,US,1701887955
202,auki,-8.7676,160.7034,24.6,89,100,3.71,SB,1701888316
203,cartagena,10.3997,-75.5144,36.79,44,20,3.09,CO,1701888205
204,shenjiamen,29.9576,122.298,12.12,61,0,2.01,CN,1701888316
205,ta`u,-14.2336,-169.5144,26.71,85,83,5.52,AS,1701888316
206,salekhard,66.53,66.6019,-36.53,100,48,0.55,RU,1701888317
207,keflavik,64.0049,-22.5624,1.24,64,0,10.8,IS,1701888094
208,porto velho,-8.7619,-63.9039,32.03,55,40,1.03,BR,1701888147
209,turochak,52.2576,87.1224,-6.69,88,100,6.52,RU,1701888318
210,spring creek,40.7266,-115.5859,7.94,37,10,2.22,US,1701888318
211,taoudenni,22.6783,-3.9836,22.59,11,100,0.73,ML,1701888318
212,bodaybo,57.8506,114.1933,-39.5,100,100,0.52,RU,1701888318
213,carnarvon,-24.8667,113.6333,22.77,75,0,10.0,AU,1701888084
214,albemarle,35.3501,-80.2001,12.69,35,40,6.17,US,1701888319
215,montevideo,-34.8335,-56.1674,22.01,88,100,5.66,UY,1701888101
216,drebkau,51.65,14.2167,4.06,92,100,2.48,DE,1701888319
217,rawson,-43.3002,-65.1023,16.98,49,3,5.9,AR,1701888319
218,argo,37.6333,22.7333,14.32,70,100,1.96,GR,1701888320
219,vila velha,-20.3297,-40.2925,29.97,74,20,8.75,BR,1701888072
220,sines,37.9562,-8.8698,14.05,83,99,0.77,PT,1701888320
221,sychevka,55.8252,34.2736,-19.11,100,100,1.5,RU,1701888320
222,kapa'a,22.0752,-159.319,25.61,82,40,5.66,US,1701888075
223,ottawa,45.4112,-75.6981,-7.79,77,75,3.6,CA,1701888193
224,nizhneangarsk,55.7833,109.55,-23.89,79,13,3.58,RU,1701888321
225,pacific grove,36.6177,-121.9166,14.25,93,100,4.63,US,1701888139
226,bodo,67.28,14.405,-2.35,77,100,11.83,NO,1701888321
227,alegrete,-29.7831,-55.7919,29.43,71,19,7.49,BR,1701888322
228,island harbour,50.724,-1.2758,9.02,85,100,3.13,GB,1701888089
229,forbes,-33.3833,148.0167,21.07,34,29,2.35,AU,1701888322
230,cockburn town,21.4612,-71.1419,26.8,71,0,2.68,TC,1701888105
231,tonekabon,36.8163,50.8738,14.97,74,100,2.91,IR,1701888323
232,germantown,39.1732,-77.2717,6.4,63,100,4.63,US,1701888283
233,kasongo-lunda,-6.4667,16.8167,22.43,83,65,0.28,CD,1701888323
234,altai,46.3722,96.2583,-1.51,57,56,10.99,MN,1701888323
235,thompson,55.7435,-97.8558,-3.91,100,100,4.63,CA,1701887837
236,antofagasta,-23.65,-70.4,19.6,68,9,5.68,CL,1701888098
237,vorkuta,67.5,64.0,-29.74,100,13,0.89,RU,1701888102
238,mudurnu,40.473,31.2076,9.04,82,100,1.35,TR,1701888324
239,tabuk,17.4189,121.4443,22.67,97,96,1.65,PH,1701888325
240,poxoreo,-15.8372,-54.3892,38.16,23,81,1.61,BR,1701888325
241,san luis de la loma,17.2706,-100.8939,29.47,62,100,1.47,MX,1701887957
242,kavaratti,10.5669,72.642,27.96,68,85,1.56,IN,1701888325
243,boca do acre,-8.7522,-67.3978,26.83,80,99,0.54,BR,1701888121
244,ulladulla,-35.35,150.4667,15.43,89,100,2.18,AU,1701888326
245,ar rutbah,33.0381,40.2848,15.04,60,0,1.16,IQ,1701888326
246,pangody,65.85,74.4859,-37.47,99,14,3.11,RU,1701888326
247,trapani,37.8333,12.6667,12.05,62,40,3.09,IT,1701888326
248,songea,-10.6833,35.65,19.92,92,100,1.67,TZ,1701888326
249,lamu,-2.2717,40.902,27.12,84,98,4.61,KE,1701888327
250,pimampiro,0.4,-77.9667,21.84,60,100,2.15,EC,1701888327
251,tura,25.5198,90.2201,20.08,72,100,1.1,IN,1701888061
252,ola,59.5833,151.2833,-18.09,69,100,5.8,RU,1701888327
253,revda,56.801,59.9303,-30.64,99,19,0.88,RU,1701888327
254,santiago de cao,-7.9589,-79.2392,21.07,78,75,5.14,PE,1701888328
255,chibougamau,49.9168,-74.3659,-11.21,79,75,2.06,CA,1701888328
256,port alberni,49.2413,-124.8028,7.91,95,90,0.45,CA,1701888328
257,hede,33.7681,120.2517,5.34,40,0,3.25,CN,1701888329
258,general conesa,-40.1,-64.4333,29.78,23,73,4.36,AR,1701888329
259,dudinka,69.4058,86.1778,-29.62,93,100,3.13,RU,1701888075
260,mitu,1.1983,-70.1733,27.37,88,74,1.15,CO,1701888116
261,vilyuchinsk,52.9306,158.4028,-8.37,83,100,2.55,RU,1701888108
262,harda khas,22.3333,77.1,19.44,83,56,3.39,IN,1701888330
263,sesimbra,38.4445,-9.1015,14.62,69,100,0.82,PT,1701888330
264,changling,44.2653,124.0005,-12.53,88,5,2.27,CN,1701888330
265,klyuchi,52.2667,79.1667,-11.18,69,100,9.54,RU,1701888059
266,magong,23.5654,119.5863,21.6,56,73,12.39,TW,1701888330
267,sidmouth,50.6909,-3.2397,9.37,84,20,6.69,GB,1701888331
268,kittila,67.6647,24.8936,-13.92,85,75,0.51,FI,1701888331
269,la passe,45.5549,-0.8967,6.1,87,95,4.41,FR,1701888331
270,tamanrasset,22.785,5.5228,19.95,14,0,2.57,DZ,1701888129
271,pisco,-13.7,-76.2167,24.03,69,0,4.12,PE,1701888062
272,nar'yan-mar,67.6713,53.087,-17.67,97,100,3.14,RU,1701888066
273,jucurutu,-6.0339,-37.0203,37.84,22,40,4.9,BR,1701888332
274,st. john's,47.5649,-52.7093,-2.34,81,75,6.69,CA,1701888081
275,puerto cabezas,14.0351,-83.3888,29.98,79,75,7.2,NI,1701888332
276,kuala terengganu,5.3302,103.1408,25.97,94,40,1.03,MY,1701888333
277,flin flon,54.7682,-101.865,-1.09,100,20,2.06,CA,1701888333
278,myrina,39.8797,25.0742,12.58,88,75,6.17,GR,1701888333
279,margaret river,-33.95,115.0667,13.34,86,99,4.22,AU,1701887907
280,ciudad pemex,17.9,-92.5,28.34,78,20,4.3,MX,1701888333
281,lospalos,-8.5186,127.0025,23.54,93,100,0.82,TL,1701888333
282,saint-francois,46.4154,3.9054,2.69,94,100,0.51,FR,1701888133
283,vorgashor,67.5833,63.95,-29.95,99,13,1.08,RU,1701888099
284,ust'-ilimsk,58.0006,102.6619,-36.42,99,12,1.34,RU,1701888334
285,sept-iles,50.2001,-66.3821,-2.71,65,75,4.12,CA,1701888334
286,sinabang,2.4803,96.3801,26.43,85,100,3.85,ID,1701887928
287,tolanaro,-25.0319,46.9987,25.04,78,75,5.14,MG,1701888099
288,high river,50.5834,-113.8687,6.2,64,100,1.61,CA,1701888335
289,san andres,12.5847,-81.7006,32.01,66,40,6.69,CO,1701888335
290,mossendjo,-2.9506,12.7261,21.39,96,10,0.68,CG,1701888335
291,new norfolk,-42.7826,147.0587,11.72,86,100,1.1,AU,1701888082
292,novoishimskiy,53.1981,66.7694,-21.6,98,95,3.4,KZ,1701888336
293,ingeniero guillermo n. juarez,-23.9,-61.85,30.78,56,99,3.07,AR,1701888087
294,el matama,16.7095,33.3565,27.02,24,34,4.87,SD,1701888336
295,celestun,20.8667,-90.4,26.3,65,97,8.87,MX,1701888079
296,bocas del toro,9.3333,-82.25,27.22,71,61,3.58,PA,1701888336
297,urucara,-2.5364,-57.76,34.57,41,64,2.01,BR,1701888337
298,neiafu,-18.65,-173.9833,26.38,83,75,3.6,TO,1701888112
299,hilo,19.7297,-155.09,22.36,97,100,2.57,US,1701888016
300,fort mcmurray,56.7268,-111.381,3.77,65,0,6.69,CA,1701888143
301,mazatlan,23.2167,-106.4167,28.98,60,75,2.24,MX,1701888279
302,sidney,-33.8679,151.2073,19.28,88,88,0.45,AU,1701888244
303,praia da vitoria,38.7333,-27.0667,20.14,88,75,9.1,PT,1701887963
304,dedham,42.2418,-71.1662,2.52,69,100,4.63,US,1701888044
305,lambarene,-0.7001,10.2406,24.78,90,98,1.06,GA,1701888338
306,verkh-tula,54.8839,82.7762,-21.81,77,75,3.0,RU,1701888338
307,daru,-9.0763,143.2092,25.35,87,31,2.95,PG,1701888117
308,dilling,12.05,29.65,24.24,17,84,4.04,SD,1701888339
309,lensk,60.7253,114.9278,-42.47,100,92,0.6,RU,1701888339
310,isiolo,0.3546,37.5822,20.38,75,12,1.91,KE,1701888199
311,khandyga,62.6667,135.6,-48.42,99,100,0.27,RU,1701888068
312,badnawar,23.0167,75.2167,19.37,73,87,3.85,IN,1701888340
313,port macquarie,-31.4333,152.9167,17.72,93,15,1.22,AU,1701888231
314,new castle,41.0037,-80.347,3.49,65,100,4.12,US,1701888157
315,east london,-33.0153,27.9116,18.52,88,100,5.66,ZA,1701887974
316,luderitz,-26.6481,15.1594,17.02,90,0,4.43,NA,1701888103
317,lautoka,-17.6167,177.4667,23.92,88,40,3.09,FJ,1701887822
318,constantia,44.1833,28.65,5.39,81,100,8.53,RO,1701888059
319,kodiak,57.79,-152.4072,-1.27,55,0,12.86,US,1701888066
320,rundu,-17.9333,19.7667,28.35,33,87,2.31,NA,1701888342
321,castillos,-34.1667,-53.8333,20.15,94,100,1.58,UY,1701888342
322,ust-nera,64.5667,143.2,-46.04,91,11,0.68,RU,1701887976
323,hirara,24.8,125.2833,20.92,72,100,8.75,JP,1701887958
324,chandler,33.3062,-111.8412,26.53,25,20,0.45,US,1701888311
325,marsh harbour,26.5412,-77.0636,22.29,59,60,10.83,BS,1701888084
326,saipan,15.1355,145.701,27.39,83,40,4.63,MP,1701888068
327,segezha,63.7415,34.3222,-16.13,98,95,0.68,RU,1701888343
328,masterton,-40.9597,175.6575,14.38,71,12,3.44,NZ,1701888118
329,pervomayskoye,43.919,46.7102,7.18,72,100,9.03,RU,1701888343
330,kayangel,8.0823,134.7173,27.93,78,35,3.99,PW,1701888344
331,necochea,-38.5473,-58.7368,20.18,63,100,5.87,AR,1701888344
332,la ronge,55.1001,-105.2842,3.14,60,40,4.12,CA,1701888099
333,broome,42.2506,-75.833,0.95,78,100,2.57,US,1701888095
334,constitucion,-35.3333,-72.4167,19.01,64,15,6.0,CL,1701888344
335,villa huidobro,-34.8383,-64.5869,31.49,13,1,6.74,AR,1701888345
336,angol,-37.8,-72.7167,27.79,29,8,3.23,CL,1701888345
337,george town,5.4112,100.3354,27.96,92,20,1.54,MY,1701888143
338,san martin hidalgo,20.4354,-103.9288,25.04,41,100,1.9,MX,1701888345
339,lere,10.387,8.5726,23.18,21,3,2.46,NG,1701888345
340,khanty-mansiysk,61.0042,69.0019,-35.5,68,0,1.0,RU,1701888346
341,hobyo,5.3505,48.5268,26.68,63,47,8.18,SO,1701888108
342,namtsy,62.7161,129.6658,-49.23,99,74,0.64,RU,1701888346
343,capao bonito,-24.0058,-48.3494,28.81,56,99,0.42,BR,1701888346
344,mana,5.6592,-53.7767,27.16,78,43,5.3,GF,1701888107
345,kourou,5.1552,-52.6478,30.03,74,36,3.71,GF,1701888060
346,sainte-marie,-20.8968,55.5496,26.09,88,75,1.54,RE,1701888346
347,sao joao batista,-27.2761,-48.8494,31.65,79,80,1.65,BR,1701888336
348,ghat,24.9647,10.1728,21.42,14,77,2.9,LY,1701888347
349,roccella ionica,38.322,16.4009,14.09,69,100,4.65,IT,1701888347
350,bathsheba,13.2167,-59.5167,29.34,84,40,9.77,BB,1701888125
351,timbuktu,16.7735,-3.0074,27.81,11,0,3.58,ML,1701888124
352,priob'ye,62.5206,65.5964,-33.87,95,6,2.15,RU,1701888348
353,san luis,-33.295,-66.3356,27.68,23,0,5.1,AR,1701888201
354,lillestrom,59.956,11.0492,-7.24,95,100,1.1,NO,1701888348
355,faya-largeau,17.9257,19.1043,22.13,21,1,5.54,TD,1701888349
356,birjand,32.8663,59.2211,3.26,15,0,2.06,IR,1701888122
357,east wenatchee bench,47.4257,-120.2812,6.84,98,100,1.54,US,1701888349
358,le port,-20.9373,55.2919,26.0,93,84,1.3,RE,1701888349
359,mata-utu,-13.2816,-176.1745,27.77,78,79,5.39,WF,1701888059
360,shalkar,47.8288,59.6258,-4.41,53,4,3.56,KZ,1701888349
361,al qutayfah,33.7385,36.6007,11.9,73,9,2.49,SY,1701888350
362,urengoy,65.9667,78.3667,-33.96,95,23,3.67,RU,1701888350
363,roosevelt,33.9668,-103.4505,17.17,25,12,6.56,US,1701888350
364,meadow lake,34.8014,-106.5436,15.08,49,10,2.01,US,1701888350
365,enewetak,11.3474,162.3373,27.62,70,97,9.56,MH,1701888350
366,urangan,-25.3,152.9,22.4,74,0,3.55,AU,1701888103
367,suntar,62.1444,117.6319,-47.06,100,72,1.26,RU,1701888133
368,adrar,20.5022,-10.0711,22.84,16,100,3.99,MR,1701888351
369,wyszkow,52.5928,21.4584,-0.5,93,100,3.72,PL,1701888335
370,dwarka,22.2394,68.9678,23.39,46,0,6.65,IN,1701888351
371,matthew town,20.95,-73.6667,27.42,70,0,5.47,BS,1701888351
372,walvis bay,-22.9575,14.5053,17.53,77,0,2.06,NA,1701888115
373,malakanagiri,18.35,81.9,22.08,98,99,1.03,IN,1701888351
374,moyale,3.5167,39.0584,21.69,44,81,3.12,KE,1701888352
375,quincy,42.2529,-71.0023,2.75,73,75,4.63,US,1701888352
376,labytnangi,66.6572,66.4183,-34.27,100,33,0.97,RU,1701888080
377,'ain deheb,34.8422,1.547,9.31,85,100,3.96,DZ,1701888352
378,khovd,48.0056,91.6419,2.79,39,21,10.0,MN,1701888352
379,maunabo,18.0072,-65.8993,30.72,85,40,4.18,PR,1701888352
380,itoman,26.1247,127.6694,21.01,62,75,8.75,JP,1701888353
381,washington,47.5001,-120.5015,6.52,95,100,1.56,US,1701888208
382,santana,-0.0583,-51.1817,31.1,70,75,5.14,BR,1701888353
383,gadzhiyevo,69.2551,33.3362,-16.61,98,93,4.26,RU,1701888063
384,mutsu,41.2894,141.2169,8.11,89,100,2.77,JP,1701888353
385,mount pleasant,32.7941,-79.8626,15.17,44,20,6.69,US,1701888220
386,thames,-37.1333,175.5333,16.06,68,75,4.35,NZ,1701888353
387,margate,51.3813,1.3862,1.5,94,100,1.74,GB,1701888240
388,grand falls-windsor,48.9332,-55.6649,-3.7,68,100,3.01,CA,1701888069
389,naliya,23.2667,68.8333,20.27,44,0,3.41,IN,1701888354
390,bubaque,11.2833,-15.8333,28.36,58,2,4.77,GW,1701888354
391,mumford,5.2618,-0.759,27.47,81,65,4.11,GH,1701888354
392,hasaki,35.7333,140.8333,6.22,62,100,7.18,JP,1701887933
393,fale old settlement,-9.3852,-171.2468,28.54,77,100,4.56,TK,1701887948
394,igoumenitsa,39.5039,20.2656,10.81,79,100,1.32,GR,1701888355
395,boyolangu,-8.1181,111.8935,24.12,88,62,0.79,ID,1701888355
396,al bawiti,28.3492,28.8659,15.8,51,0,3.39,EG,1701888355
397,puerto quijarro,-17.7833,-57.7667,38.37,29,31,2.28,BO,1701888355
398,crane,31.3974,-102.3501,18.73,43,46,6.32,US,1701888111
399,lata,40.1629,-8.3327,10.04,81,100,1.09,PT,1701888356
400,mikhaylovka,50.06,43.2379,-2.9,75,100,4.44,RU,1701888356
401,weno,7.4515,151.8468,25.97,100,75,1.54,FM,1701887926
402,basotu,-4.3667,35.0833,18.16,86,22,1.92,TZ,1701888356
403,anshun,26.25,105.9333,7.51,71,96,0.47,CN,1701888088
404,saldanha,-33.0117,17.9442,26.03,76,0,4.28,ZA,1701888064
405,kilindoni,-7.9139,39.6668,27.71,82,56,4.06,TZ,1701888357
406,solwezi,-12.1688,26.3894,18.84,81,87,2.3,ZM,1701888357
407,kaluga,54.5,35.5,-19.55,100,100,1.83,RU,1701888357
408,panjab,34.388,67.0233,-0.28,30,0,0.72,AF,1701888357
409,nadi,-17.8,177.4167,24.0,88,40,3.09,FJ,1701888357
410,pokaran,26.9167,71.9167,19.04,39,0,4.0,IN,1701888357
411,rongelap,11.1635,166.8941,27.49,76,100,9.73,MH,1701888072
412,zarichne,51.8126,26.129,-2.2,95,100,4.59,UA,1701888358
413,chonchi,-42.6128,-73.8092,18.56,55,13,1.02,CL,1701888083
414,berber,18.0216,33.983,25.79,30,17,4.64,SD,1701888358
415,robertsport,6.7533,-11.3686,27.47,81,0,4.6,LR,1701888358
416,yanykurgan,43.915,67.2481,-0.35,41,100,6.26,KZ,1701888358
417,imbituba,-28.24,-48.6703,26.62,82,30,4.79,BR,1701888359
418,gueckedou,8.6667,-10.25,23.26,62,0,1.06,GN,1701888359
419,sarangani,5.4033,125.4636,28.15,76,51,1.88,PH,1701888359
420,diamond springs,38.6946,-120.8149,15.34,78,75,3.6,US,1701888359
421,anqing,30.5092,117.0506,10.07,47,0,2.4,CN,1701888359
422,lamia,38.9,22.4333,10.62,86,70,1.04,GR,1701888360
423,newman,37.3138,-121.0208,16.13,40,18,4.04,US,1701887912
424,new river,33.9159,-112.136,25.43,17,0,1.27,US,1701888360
425,ciudad lazaro cardenas,17.9583,-102.2,31.21,48,69,2.13,MX,1701888315
426,ritchie,-29.038,24.6028,18.56,55,100,9.66,ZA,1701888360
427,potosi,-19.5836,-65.7531,19.48,34,40,5.14,BO,1701888360
428,shimoda,34.6667,138.95,15.28,71,100,7.69,JP,1701888361
429,kampene,-3.6,26.6667,21.22,99,100,0.64,CD,1701888361
430,divnogorsk,55.9594,92.3619,-19.59,98,100,4.21,RU,1701888361
431,krasnovishersk,60.4078,57.082,-29.07,99,55,0.89,RU,1701888361
432,laguna,38.421,-121.4238,15.72,80,20,4.63,US,1701888082
433,utete,-7.986,38.758,24.35,96,62,1.47,TZ,1701888362
434,namibe,-15.1961,12.1522,23.63,85,100,3.76,AO,1701888362
435,lubumbashi,-11.6609,27.4794,19.85,81,64,1.68,CD,1701888362
436,puerto baquerizo moreno,-0.9,-89.6,28.55,65,20,9.26,EC,1701888010
437,atar,20.5169,-13.0499,32.03,22,0,5.14,MR,1701888363
438,zeya,53.75,127.2667,-16.4,97,100,0.9,RU,1701888070
439,tandalti,13.0167,31.8667,26.91,18,54,5.47,SD,1701888363
440,loango,-4.6719,11.8312,26.39,82,44,3.2,CG,1701888363
441,solnechnyy,50.7214,136.6319,-9.43,97,100,0.41,RU,1701888364
442,vernon,50.2581,-119.2691,6.45,95,100,0.89,CA,1701888062
443,el abiodh sidi cheikh,32.893,0.5484,13.3,56,21,3.63,DZ,1701888364
444,verkhniy mamon,50.1635,40.3832,-3.43,72,42,4.87,RU,1701888364
445,cruzeiro do sul,-29.5128,-51.9853,27.51,84,72,3.19,BR,1701888365
446,douglas,41.3,-96.167,11.48,55,0,8.23,US,1701888365
447,quatre cocos,-20.2078,57.7625,26.06,80,44,3.84,MU,1701888365
448,el porvenir,13.7617,-87.3458,25.63,41,13,4.54,HN,1701888365
449,ust'-barguzin,53.45,108.9833,-21.39,99,100,3.68,RU,1701888365
450,summerside,46.3959,-63.7876,-2.16,63,3,4.63,CA,1701888366
451,hjorring,57.4642,9.9823,0.29,98,100,5.39,DK,1701888366
452,albertina,-22.2008,-46.6158,29.54,48,34,0.83,BR,1701888366
453,shingu,33.7333,135.9833,11.18,87,7,3.43,JP,1701888367
454,cidade velha,14.9167,-23.6167,25.26,61,75,7.72,CV,1701888105
455,middlebury (village),44.0153,-73.1673,-0.9,79,40,2.57,US,1701888367
456,bermejillo,25.8833,-103.6167,19.46,48,98,4.94,MX,1701888367
457,chinde,26.8418,88.0763,11.41,70,93,2.26,NP,1701888367
458,tudela de duero,41.5845,-4.5809,6.7,70,99,0.36,ES,1701888368
459,mount isa,-20.7333,139.5,28.87,37,3,0.0,AU,1701888079
460,poronaysk,49.2167,143.1167,2.17,95,100,5.42,RU,1701888368
461,farafangana,-22.8167,47.8333,24.62,76,56,3.56,MG,1701888368
462,manta,-0.95,-80.7333,27.88,78,75,3.09,EC,1701888369
463,byron bay,-28.65,153.6167,19.98,90,12,1.72,AU,1701888369
464,castelli,-25.9468,-60.6195,29.61,63,100,1.68,AR,1701888369
465,santa cruz de la sierra,-17.8,-63.1667,33.7,48,40,10.8,BO,1701888349
466,ha tinh,18.3333,105.9,19.61,85,100,3.2,VN,1701888369
467,kolwezi,-10.7148,25.4667,16.95,81,15,1.47,CD,1701888369
468,beitbridge,-22.2167,30.0,22.41,76,99,8.99,ZW,1701888370
469,saynshand,44.8824,110.1163,-7.22,81,98,3.41,MN,1701888061
470,tema,5.667,-0.0166,29.23,74,20,2.57,GH,1701888370
471,privolzhskiy,51.4,46.0333,-6.5,54,50,2.77,RU,1701888370
472,tobelo,1.7284,128.0095,26.33,84,100,1.97,ID,1701888370
473,virginia,37.5481,-77.4467,8.06,53,75,9.26,US,1701888238
474,alice springs,-23.7,133.8833,21.75,37,0,2.06,AU,1701888060
475,bogorodsk,56.1033,43.5158,-19.21,100,66,0.54,RU,1701888371
476,brokopondo,4.75,-55.1667,28.0,73,100,3.8,SR,1701888371
477,karratha,-20.7377,116.8463,30.28,45,7,4.07,AU,1701887895
478,rikaze,29.25,88.8833,-2.62,48,6,0.54,CN,1701888372
479,ketchikan,55.3422,-131.6461,7.41,81,75,2.06,US,1701888372
480,heroica matamoros,25.8833,-97.5,24.94,58,0,6.17,MX,1701888198
481,olavarria,-36.8927,-60.3225,19.07,80,99,3.14,AR,1701888373
482,temiskaming shores,47.4938,-79.7153,-14.11,63,93,0.71,CA,1701888373
483,fortuna,40.5982,-124.1573,13.14,96,40,10.8,US,1701888102
484,tayu,-6.5397,111.0518,25.8,87,45,2.1,ID,1701888373
485,bor,56.3567,44.0669,-18.89,100,76,0.61,RU,1701888374
486,savanna-la-mar,18.219,-78.1332,29.96,60,24,2.23,JM,1701888374
487,black point,-34.6187,137.8972,18.17,63,100,5.23,AU,1701888374
488,bengkulu,-3.8004,102.2655,24.24,94,100,2.3,ID,1701888374
489,sinop,41.7711,34.8709,8.51,78,99,2.41,TR,1701888132
490,oppdal,62.5943,9.6912,-9.74,71,100,2.9,NO,1701888374
491,turinskaya sloboda,57.6232,64.3858,-29.3,95,14,2.97,RU,1701888375
492,sechura,-5.5569,-80.8222,25.92,63,93,6.29,PE,1701888101
493,warmbad,-28.45,18.7333,25.61,25,0,8.2,NA,1701888375
494,gillette,44.2911,-105.5022,12.19,44,0,4.92,US,1701888316
495,taltal,-25.4,-70.4833,20.16,66,22,4.39,CL,1701888375
496,hammerfest,70.6634,23.6821,-6.75,73,40,9.26,NO,1701888095
497,san patricio,28.017,-97.5169,22.4,39,26,4.75,US,1701888111
498,uturoa,-16.7333,-151.4333,25.84,83,100,8.84,PF,1701888082
499,rouissat,31.9243,5.3502,17.04,31,0,3.09,DZ,1701888376
500,nejo,9.5,35.5,16.78,64,8,1.05,ET,1701888376
501,tyukalinsk,55.8732,72.1967,-27.21,93,37,4.75,RU,1701888376
502,tual,-5.6667,132.75,28.66,68,92,0.45,ID,1701888134
503,pandan,14.0453,124.1694,25.4,82,47,3.06,PH,1701888122
504,happy valley-goose bay,53.3168,-60.3315,-1.83,64,75,6.69,CA,1701888126
505,riedenburg,48.9667,11.6833,2.17,99,97,3.41,DE,1701888377
506,alo,7.4178,6.7371,31.11,39,100,0.98,NG,1701888377
507,along,28.1667,94.7667,15.44,63,100,0.9,IN,1701888378
508,arkadak,51.9326,43.4978,-7.13,94,98,2.5,RU,1701888378
509,minas de marcona,-15.2119,-75.1103,20.83,54,100,7.87,PE,1701888083
510,kanniyakumari,8.0833,77.5667,27.03,81,82,3.33,IN,1701888378
511,mulayjah,27.271,48.4242,19.06,31,0,2.23,SA,1701888379
512,kas,36.2018,29.6377,15.43,73,100,4.1,TR,1701888379
513,naantali,60.4674,22.0243,-3.77,89,100,4.63,FI,1701888379
514,embi,48.8264,58.1442,-6.75,65,5,3.16,KZ,1701888380
515,gizo,-8.103,156.8419,27.68,85,100,10.67,SB,1701888380
516,santo antonio do ica,-3.1022,-67.9397,28.56,84,99,1.19,BR,1701888380
517,weining,26.85,104.2333,3.81,68,100,1.97,CN,1701888380
518,soledad de doblado,19.05,-96.4167,21.69,94,100,2.37,MX,1701888381
519,turbat,26.0023,63.044,20.3,32,0,1.42,PK,1701888381
520,newnham,-41.3833,147.1333,8.53,76,0,3.09,AU,1701888381
521,villa gesell,-37.2639,-56.973,17.81,92,100,5.63,AR,1701888381
522,kota bharu,6.1333,102.2386,25.97,94,20,0.0,MY,1701888121
523,mariehamn,60.0973,19.9348,-1.77,92,100,1.03,AX,1701888382
524,nahiyat ash shinafiyah,31.5874,44.6602,19.71,26,57,4.69,IQ,1701888382
525,nouadhibou,20.931,-17.0347,23.99,53,100,4.12,MR,1701888382
526,nemuro,43.3236,145.575,7.95,91,100,4.65,JP,1701888070
527,jiutai,44.1525,125.8328,-10.81,87,43,2.63,CN,1701888383
528,teluk nibung,3.001,99.8164,25.1,93,100,1.53,ID,1701888383
529,namdrik,5.5994,168.1028,28.18,80,100,9.78,MH,1701888383
530,aranyaprathet,13.6928,102.5013,25.61,80,100,3.2,TH,1701888383
531,east end,34.5507,-92.341,11.65,55,3,0.89,US,1701888384
532,tangalle,6.024,80.7911,25.09,91,56,1.56,LK,1701888110
533,yreka,41.7354,-122.6345,12.1,62,40,11.32,US,1701888384
534,cuito,-12.3833,16.9333,15.91,93,26,1.1,AO,1701888385
535,bestobe,52.4994,73.0975,-16.09,73,100,8.91,KZ,1701888385
536,peterhead,57.5058,-1.7981,1.82,66,100,9.26,GB,1701888385
537,mejit,10.2753,170.8646,27.49,76,91,10.17,MH,1701888114
538,palangkaraya,-2.2,113.8333,24.36,96,100,1.11,ID,1701888385
539,hakui,36.8833,136.7833,10.07,63,97,5.79,JP,1701888385
540,sao jose da coroa grande,-8.8978,-35.1478,27.74,66,1,3.94,BR,1701888092
541,zharkent,44.1628,80.0,5.56,63,100,0.66,KZ,1701888386
542,arteche,12.2645,125.4048,25.26,80,96,2.77,PH,1701888386
543,altus,34.6381,-99.334,17.73,39,0,8.75,US,1701888386
544,aktau,43.65,51.2,2.32,40,100,9.6,KZ,1701888362
545,heinola,61.2056,26.0381,-9.44,98,100,1.62,FI,1701888386
546,sao vicente,-23.9631,-46.3919,36.1,45,20,4.12,BR,1701888101
547,camana,-16.6228,-72.7111,22.32,69,100,4.8,PE,1701888387
548,pruzhany,52.5567,24.4644,-2.36,96,100,4.86,BY,1701888387
549,mao,39.8885,4.2658,10.31,81,40,2.06,ES,1701888112
550,picui,-6.5106,-36.3469,33.5,27,46,5.47,BR,1701888387
551,gonabad,34.3529,58.6837,10.71,20,100,0.62,IR,1701888388
552,hutchinson,38.0608,-97.9298,13.62,50,0,8.23,US,1701888388
553,rawlins,41.7911,-107.2387,8.94,40,0,7.72,US,1701888306
554,sungai raya,0.7,108.9,26.37,85,100,2.18,ID,1701888388
555,lhokseumawe,5.1801,97.1507,25.8,84,100,1.55,ID,1701888389
556,egilsstadir,65.2653,-14.3948,-9.05,92,75,1.54,IS,1701888066
557,tindouf,27.6711,-8.1474,20.25,45,40,7.2,DZ,1701888389
558,inirida,3.8653,-67.9239,34.48,42,94,1.46,CO,1701888069
559,yeniseysk,58.4497,92.1703,-25.59,91,100,2.24,RU,1701888389
560,tehuitzingo,16.9408,-99.1719,32.85,43,100,0.74,MX,1701888391
561,mossel bay,-34.1831,22.146,18.96,86,17,10.73,ZA,1701888059
562,n'dalatando,-9.2978,14.9116,21.31,75,9,0.94,AO,1701888391
563,camarinas,43.1311,-9.1817,13.85,85,100,12.06,ES,1701888108
564,axim,4.8699,-2.2405,26.91,79,17,3.54,GH,1701888391
565,aliabad,41.4822,46.6353,8.79,100,100,2.06,AZ,1701888391
566,mae tha,18.4646,99.1403,23.33,95,61,0.43,TH,1701888392
567,silver springs,29.1044,-82.0206,16.68,51,6,0.89,US,1701888392
568,kolondieba,11.0882,-6.8926,28.67,15,33,2.17,ML,1701888392
569,zuni pueblo,35.0725,-108.8506,7.35,28,0,2.55,US,1701888392
570,marat,25.0701,45.4615,19.22,20,0,3.42,SA,1701888176
571,acarau,-2.8856,-40.12,29.57,64,85,9.55,BR,1701888393
572,banyo,6.75,11.8167,24.14,37,77,0.89,CM,1701888393
573,sulak,43.2734,47.5146,8.84,84,100,11.05,RU,1701888393
574,sorong,-0.8833,131.25,27.2,80,100,1.64,ID,1701888176
575,pokhara,28.2333,83.9833,14.73,54,100,1.57,NP,1701888393
